id,title,access,status,implementation,documented_bits,behavior_limits,tests,follow_up
00,Machine ID,R,implemented,crates/bus/src/next.rs,No bit fields listed in pinned source section.,Read-only: returns NEXT_MACHINE_ID (this build identifies as a ZX Spectrum Next core).,boot_register_profile_and_peripheral_defaults_match_the_pinned_core,none
01,Core Version,R,implemented,crates/bus/src/next.rs,bits 7:4 = Major version number; bits 3:0 = Minor version number,Read-only: returns packed major/minor NEXT_CORE_VERSION; subminor is separate in $0E.,boot_register_profile_and_peripheral_defaults_match_the_pinned_core,none
02,Reset,RW,partial,crates/bus/src/next.rs,"bit 7 = 1 if the reset signal to the expansion bus and esp is asserted; bits 6:5 = Reserved; bit 4 = 1 if multiface nmi was generated by an i/o trap (experimental, see nextreg 0xDA); bit 3 = 1 if multiface nmi was generated by this nextreg; bit 2 = 1 if divmmc nmi was generated by this nextreg; bit 1 = 1 if the last reset was a hard reset *; bit 0 = 1 if the last reset was a soft reset *; bit 7 = Assert and hold reset to the expansion bus and the esp wifi (hard reset = 0); bits 6:5 = Reserved must be zero; bit 4 = Clear i/o trap (write zero to clear) (experimental) **; bit 3 = Generate multiface nmi (write zero to clear) **; bit 2 = Generate divmmc nmi (write zero to clear) **; bit 1 = Generate a hard reset (reboot) *; bit 0 = Generate a soft reset *",Read/write reset subset: bits 1:0 request soft/hard reset (hard request wins in the machine); bit 2 requests DivMMC NMI. Expansion-bus reset and Multiface/I/O-trap causes are absent.,boot_rom_overlays_slot_zero_until_nextreg_configuration_write; reset_register_divmmc_request_delivers_nmi_and_automaps_rom; hard_reset_restarts_the_ipl; soft_reset_enters_the_selected_machine_rom,none
03,Machine Type,RW,partial,crates/bus/src/next.rs,bit 7 = nextreg 0x44 second byte indicator; bits 6:4 = Display timing; bit 3 = User lock on display timing applied; bits 2-0 = Machine type; bit 7 = 1 to allow changes to bits 6:4; bits 6:4 = Selects display timing; bit 3 = 1 to toggle user lock on display timing (hard reset = 0); bits 2:0 = Selects machine type (config mode only),"Config-mode write disables boot ROM and selects machine type; bit 7 gates display-timing changes in bits 6:4. Read reports timing, machine type and palette second-byte state; timing lock behavior is absent.",boot_rom_overlays_slot_zero_until_nextreg_configuration_write; display_timing_selects_frame_and_scanline_geometry; frame_interrupt_uses_selected_display_timing,none
04,Config Mapping,W,partial,crates/bus/src/next.rs,bits 7:0 = 16K SRAM bank mapped to 0x0000-0x3FFF (hard reset = 0),Write-only in configuration mode after boot-ROM disable; maps the low 16 KiB to SRAM page value masked to 7 bits. No register readback handler.,config_mapping_uses_raw_sram_banks_without_rewiring_the_mmu; config_mapping_pages_six_and_seven_are_alternate_roms,none
05,Peripheral 1 Setting,RW,unimplemented,crates/bus/src/next.rs (default NextReg read/write fallthrough),"bits 7:6 = Joystick 1 mode (LSB); bits 5:4 = Joystick 2 mode (LSB); bit 3 = Joystick 1 mode (MSB); bit 2 = 50/60 Hz mode (0 = 50Hz, 1 = 60Hz, Pentagon forces 50Hz); bit 1 = Joystick 2 mode (MSB); bit 0 = Enable scandoubler (1 = enabled for vga, 0 for crt)",No implemented register handler: reads fall through to 0xFF and writes have no effect; all documented bits/side effects are missing.,none verified,none
06,Peripheral 2 Setting,RW,partial,crates/bus/src/next.rs,"bit 7 = Enable F8 cpu speed hotkey and F5/F6 expansion bus hotkeys (soft reset = 1); bit 6 = Divert BEEP only to internal speaker (hard reset = 0); bit 5 = Enable F3 50/60 Hz hotkey (soft reset = 1); bit 4 = Enable divmmc nmi by DRIVE button (hard reset = 0); bit 3 = Enable multiface nmi by M1 button (hard reset = 0); bit 2 = PS/2 mode (0 = keyboard primary, 1 = mouse primary; config mode only); bits 1-0 = Audio chip mode (00 = YM, 01 = AY, 10 = ZXN-8950, 11 = Hold all AY in reset)",Peripheral 6 selects YM/AY model in bit 0; low two bits select audio mode; value 3 resets AY chips. Other documented control bits are not modeled.,ay_mode_hold_resets_chips_and_suspends_io_and_synthesis; nextreg_audio_mode_selects_the_psg_dac_response,none
07,CPU Speed,RW,partial,crates/bus/src/next.rs; crates/machine/src/next.rs,"bits 7:6 = Reserved; bits 5:4 = Current actual cpu speed; bits 3:2 = Reserved; bits 1:0 = Programmed cpu speed; bits 7:2 = Reserved, must be 0; bits 1:0 = Set cpu speed (soft reset = 00)",Bits 1:0 program CPU speed; bits 5:4 report adopted speed. CPU T-states span 8/4/2/1 master ticks; speed adoption occurs at instruction boundary. CTC advances at exact master-clock resolution; raster/audio/DMA/Copper remain base-video-T quantized.,cpu_speed_register_separates_programmed_and_actual_rates_and_resets; cpu_turbo_runs_more_instructions_per_frame_without_speeding_up_ctc,#551
08,Peripheral 3 Setting,RW,partial,crates/bus/src/next.rs,"bit 7 = Unlock port 0x7ffd (read 1 indicates port 0x7ffd is not locked); bit 6 = Disable ram and port contention (soft reset = 0); bit 5 = AY stereo mode (0 = ABC, 1 = ACB) (hard reset = 0); bit 4 = Enable internal speaker (hard reset = 1); bit 3 = Enable 8-bit DACs (A,B,C,D) (hard reset = 0); bit 2 = Enable port 0xff Timex video mode read (hides floating bus on 0xff) (hard reset = 0); bit 1 = Enable turbosound (currently selected AY is frozen when disabled) (hard reset = 0); bit 0 = Implement issue 2 keyboard (hard reset = 0)","Peripheral 3 stores bits 6:0; bit 7 unlocks ZX128 paging and reads as inverted lock state. Bit 1 enables Turbo Sound, bit 3 enables DACs, bit 5 selects ACB stereo. Additional board functions are absent.",dac_output_gate_is_controlled_by_peripheral_three_bit_three; turbo_sound_obeys_stereo_mapping_channel_enable_and_chip_mono; paging_lock_is_reported_and_unlocked_through_peripheral_three,none
09,Peripheral 4 Setting,RW,partial,crates/bus/src/next.rs,bit 7 = Place AY 2 in mono mode (hard reset = 0); bit 6 = Place AY 1 in mono mode (hard reset = 0); bit 5 = Place AY 0 in mono mode (hard reset = 0); bit 4 = Sprite id lockstep (nextreg 0x34 and port 0x303B are in lockstep) (soft reset = 0); bit 3 = Reset divmmc mapram bit (port 0xe3 bit 6) (read returns 0); bit 2 = 1 to silence hdmi audio (hard reset = 0); bits 1:0 = Scanline weight,"Peripheral 2 stores full byte; bit 2 gates HDMI mute, bit 3 clears DivMMC CONMEM, bit 4 couples sprite indices, bits 7:5 mono AY chip selection. Other peripheral effects are incomplete.",turbo_sound_obeys_stereo_mapping_channel_enable_and_chip_mono; peripheral4_bit_two_reports_hdmi_audio_mute; divmmc_mapram_is_sticky_until_nextreg_nine_clears_it,none
0A,Peripheral 5 Setting,RW,partial,crates/bus/src/next.rs,bit 7:6 = Multiface type (hard reset = 00) (config mode only); bit 5 = 1 to swap sd0 and sd1 (hard reset = 0) (config mode only) *; bit 4 = Enable divmmc automap (hard reset = 0); bit 3 = 1 to reverse left and right mouse buttons (hard reset = 0); bit 2 = 1 to change bit 5 (config mode only); bits 1:0 = mouse dpi (hard reset = 01),"Peripheral 5 is mode-dependent: in config mode all but bit 2 are stored; normal mode retains bits 4,3,1,0 and preserves reported high bits. Controls SD chip select and DivMMC automap enable; joystick/board features are incomplete.",divmmc_rom_automaps_on_configured_delayed_and_instant_m1_triggers; disabling_divmmc_automap_clears_current_mapping,none
0B,Joystick I/O Mode,RW,unimplemented,crates/bus/src/next.rs (default NextReg read/write fallthrough),"bit 7 = 1 to enable i/o mode; bit 6 = Reserved, must be 0; bits 5:4 = I/O Mode; bits 3:1 = Reserved, must be 0; bit 0 = Parameter",No implemented register handler: reads fall through to 0xFF and writes have no effect; all documented bits/side effects are missing.,none verified,none
0E,Core Version,R,implemented,crates/bus/src/next.rs,No bit fields listed in pinned source section.,Read-only pinned core subminor version constant.,boot_register_profile_and_peripheral_defaults_match_the_pinned_core,none
0F,Board ID,R,implemented,crates/bus/src/next.rs,"bits 7:4 = Reserved, 0; bits 3:0 = Board ID",Read-only board identifier constant.,boot_register_profile_and_peripheral_defaults_match_the_pinned_core,none
10,Core Boot,RW,unimplemented,crates/bus/src/next.rs (default NextReg read/write fallthrough),"bit 7 = Reserved; bits 6:2 = Cored ID; bit 1 = Button DRIVE (divmmc) is pressed; bit 0 = Button M1 (multiface) is pressed; bit 7 = Start selected core; bits 6:5 = Reserved, must be 0; bits 4:0 = Core ID 0-31 (config mode only) *",No implemented register handler: reads fall through to 0xFF and writes have no effect; all documented bits/side effects are missing.,none verified,none
11,Video Timing,RW,unimplemented,crates/bus/src/next.rs (default NextReg read/write fallthrough),"bits 7:3 = Reserved, must be 0; bits 2:0 = Mode (VGA = 0..6, HDMI = 7)",No implemented register handler: reads fall through to 0xFF and writes have no effect; all documented bits/side effects are missing.,none verified,none
12,Layer 2 Active RAM bank,RW,partial,crates/bus/src/next_video.rs,"bit 7 = Reserved, must be 0; bits 6:0 = Starting 16K RAM bank (soft reset = 8)","Layer 2 first physical RAM bank, limited to bits 6:0; modeled Layer 2 reads are 256×192 with supported standard mode only.",layer2_active_ram_bank_is_readable_and_resets_to_bank_eight; standard_layer2_pixels_cross_the_three_physical_bank_boundaries,none
13,Layer 2 Shadow RAM bank,RW,unimplemented,crates/bus/src/next.rs (default NextReg read/write fallthrough),"bit 7 = Reserved, must be 0; bits 6:0 = Starting 16K RAM bank (soft reset = 11)",No implemented register handler: reads fall through to 0xFF and writes have no effect; all documented bits/side effects are missing.,none verified,none
14,Global Transparency Colour,RW,partial,crates/bus/src/next_video.rs,bits 7:0 = Transparency colour value (soft reset = 0xe3),Global transparency value used by supported Layer 2/LoRes pixel composition.,layer2_composes_only_for_next_and_honors_priority_and_layer_order; standard_lores_replaces_only_paper_with_palette_pixels,none
15,Sprite and Layers System,RW,partial,crates/bus/src/next_video.rs,"bit 7 = Enable lores mode (soft reset = 0); bit 6 = Sprite priority (1 = sprite 0 on top, 0 = sprite 127 on top) (soft reset = 0); bit 5 = Enable sprite clipping in over border mode (soft reset = 0); bits 4:2 = Set layer priority (eg SLU = sprites over layer 2 over ula) (soft reset = 000); bit 1 = Enable sprites over border (soft reset = 0); bit 0 = Enable sprites (soft reset = 0)","Video priority/layer-order value is stored, but only the explicitly composed layer orders are rendered; blending modes are incomplete.",layer2_composes_only_for_next_and_honors_priority_and_layer_order; sprite_clip_window_and_over_border_gate_follow_nextregs,none
16,Layer 2 X Scroll LSB,RW,unimplemented,crates/bus/src/next.rs (default NextReg read/write fallthrough),bits 7:0 = X Offset (0-255) (soft reset = 0),No implemented register handler: reads fall through to 0xFF and writes have no effect; all documented bits/side effects are missing.,none verified,none
17,Layer 2 Y Scroll,RW,unimplemented,crates/bus/src/next.rs (default NextReg read/write fallthrough),bits 7:0 = Y Offset (limited to 0-191 when vertical resolution is 192 pixels) (soft reset = 0),No implemented register handler: reads fall through to 0xFF and writes have no effect; all documented bits/side effects are missing.,none verified,none
18,Clip Window Layer 2,RW,unimplemented,crates/bus/src/next.rs (default NextReg read/write fallthrough),bits 7:0 = Clip window coordinate (inclusive),No implemented register handler: reads fall through to 0xFF and writes have no effect; all documented bits/side effects are missing.,none verified,none
19,Clip Window Sprites,RW,partial,crates/bus/src/next_sprites.rs,bits 7:0 = Clip window coordinate (inclusive),Sprite clip window cursor: writes update one of four coordinates and auto-advance; reads return the selected coordinate. Full extended clip modes are absent.,sprite_clip_window_and_over_border_gate_follow_nextregs,none
1A,Clip Window ULA/LoRes,RW,unimplemented,crates/bus/src/next.rs (default NextReg read/write fallthrough),bits 7:0 = Clip window coordinate (inclusive) *,No implemented register handler: reads fall through to 0xFF and writes have no effect; all documented bits/side effects are missing.,none verified,none
1B,Clip Window Tilemap,RW,partial,crates/bus/src/next_video.rs,bits 7:0 = Clip window coordinate (inclusive),Tilemap clip window cursor: writes update one of four values and wrap index; reads return selected value. Clip semantics use current 320×256 renderer.,none verified,none
1C,Clip Window Control,RW,partial,crates/bus/src/next_video.rs; crates/bus/src/next_sprites.rs,"bits 7:6 = Tilemap clip index; bits 5:4 = ULA/Lores clip index; bits 3:2 = Sprite clip index; bits 1:0 = Layer 2 clip index; bits 7:4 = Reserved, must be 0; bit 3 = Reset the tilemap clip index; bit 2 = Reset the ULA/LoRes clip index; bit 1 = Reset the sprite clip index; bit 0 = Reset the Layer 2 clip index",Write bits 3/1 reset tilemap/sprite clip cursors; reads combine current cursor indices in bits 7:6 and 3:2. Other source fields are not modeled.,none verified,none
1E,Active Video Line (MSB),R,implemented,crates/bus/src/next.rs,bits 7:1 = Reserved; bit 0 = Active line MSB,Read-only current raster line bit 8; derived from selected display timing and master T-state. No write behavior.,active_video_line_registers_follow_the_312_line_raster,none
1F,Active Video Line (LSB),R,implemented,crates/bus/src/next.rs,bits 7:0 = Active line LSB,Read-only current raster line bits 7:0; derived from selected display timing and master T-state. No write behavior.,active_video_line_registers_follow_the_312_line_raster,none
20,Generate Maskable Interrupt,RW,unimplemented,crates/bus/src/next.rs (default NextReg read/write fallthrough),bit 7 = line; bit 6 = ula; bits 5:4 = reserved; bits 3:0 = ctc 3:0,No implemented register handler: reads fall through to 0xFF and writes have no effect; all documented bits/side effects are missing.,none verified,none
22,Line Interrupt control,RW,unimplemented,crates/bus/src/next.rs (default NextReg read/write fallthrough),"bit 7 = (R) Indicates if the ula is asserting an interrupt (even if disabled); bits 7:3 = Reserved, must be 0; bit 2 = Disables ula interrupt (soft reset = 0) **; bit 1 = Enables line Interrupt (soft reset = 0) **; bit 0 = MSB of line interrupt value (soft reset = 0)",No implemented register handler: reads fall through to 0xFF and writes have no effect; all documented bits/side effects are missing.,none verified,none
23,Line Interrupt Value LSB,RW,unimplemented,crates/bus/src/next.rs (default NextReg read/write fallthrough),bits 7:0 = Line Interrupt value LSB (soft reset = 0),No implemented register handler: reads fall through to 0xFF and writes have no effect; all documented bits/side effects are missing.,none verified,none
24,Reserved,—,reserved,crates/bus/src/next.rs (default NextReg read/write fallthrough),No bit fields listed in pinned source section.,Reserved by the pinned source; no implementation is needed unless the specification changes.,none verified,none
26,ULA X Scroll,RW,unimplemented,crates/bus/src/next.rs (default NextReg read/write fallthrough),bits 7:0 = X Offset (0-255) (soft reset = 0),No implemented register handler: reads fall through to 0xFF and writes have no effect; all documented bits/side effects are missing.,none verified,none
27,ULA Y Scroll,RW,unimplemented,crates/bus/src/next.rs (default NextReg read/write fallthrough),bits 7:0 = Y Offset (0-191) (soft reset = 0),No implemented register handler: reads fall through to 0xFF and writes have no effect; all documented bits/side effects are missing.,none verified,none
28,PS/2 Keymap Address MSB,RW,unimplemented,crates/bus/src/next.rs (default NextReg read/write fallthrough),"bits 7:0 = Stored palette value from nextreg 0x44; bit 7 = 0 to select ps2 keymap, 1 to select key joystick; bits 6:1 = Reserved, must be 0; bit 0 = MSB address",No implemented register handler: reads fall through to 0xFF and writes have no effect; all documented bits/side effects are missing.,none verified,none
29,PS/2 Keymap Address LSB,W,unimplemented,crates/bus/src/next.rs (default NextReg read/write fallthrough),bits 7:0 = LSB adress,No implemented register handler: reads fall through to 0xFF and writes have no effect; all documented bits/side effects are missing.,none verified,none
2A,PS/2 Keymap Data MSB,W,unimplemented,crates/bus/src/next.rs (default NextReg read/write fallthrough),"bits 7:1 = Reserved, must be 0; bit 0 = MSB data",No implemented register handler: reads fall through to 0xFF and writes have no effect; all documented bits/side effects are missing.,none verified,none
2B,PS/2 Keymap Data LSB,W,unimplemented,crates/bus/src/next.rs (default NextReg read/write fallthrough),bits 7:0 = LSB data,No implemented register handler: reads fall through to 0xFF and writes have no effect; all documented bits/side effects are missing.,none verified,none
2C,DAC B Mirror (left),RW,partial,crates/bus/src/next.rs,bits 7:0 = MSB of current I2S (pi) left side sample; bits 7:0 = 8-bit sample written to left side DAC B (soft reset = 0x80),Write updates held DAC B and timestamps current four-channel output; reads return 0xFF. Peripheral I2S playback endpoint is absent.,dac_nextreg_mirrors_write_the_documented_channels,none
2D,DAC A+D Mirror (mono),RW,partial,crates/bus/src/next.rs,bits 7:0 = LSB of last I2S (pi) sample read from nextreg 0x2C or nextreg 0x2E; bits 7:0 = 8-bit sample written to DACs A and D (soft reset = 0x80),Write updates DAC A and D together and timestamps output; reads return 0xFF. Peripheral I2S playback endpoint is absent.,dac_nextreg_mirrors_write_the_documented_channels,none
2E,DAC C Mirror (right),RW,partial,crates/bus/src/next.rs,bits 7:0 = MSB of current I2S (pi) right side sample; bits 7:0 = 8-bit sample written to right side DAC C (soft reset = 0x80),Write updates held DAC C and timestamps output; reads return 0xFF. Peripheral I2S playback endpoint is absent.,dac_nextreg_mirrors_write_the_documented_channels,none
2F,Tilemap X Scroll MSB,RW,partial,crates/bus/src/next_video.rs,"bits 7:2 = Reserved, must be 0; bits 1:0 = MSB X Offset (soft reset = 0)",Tilemap X offset high bits: only bits 1:0 are retained.,none verified,none
30,Tilemap X Scroll LSB,RW,partial,crates/bus/src/next_video.rs,bits 7:0 = LSB X Offset (soft reset = 0),Tilemap X offset low byte; combined X is 10-bit.,none verified,none
31,Tilemap Offset Y,RW,partial,crates/bus/src/next_video.rs,bits 7:0 = Y Offset (0-255) (soft reset = 0),Tilemap Y offset is stored as full byte.,none verified,none
32,LoRes X Scroll,RW,unimplemented,crates/bus/src/next.rs (default NextReg read/write fallthrough),bits 7:0 = X Offset (0-255) (soft reset = 0),No implemented register handler: reads fall through to 0xFF and writes have no effect; all documented bits/side effects are missing.,none verified,none
33,LoRes Y Scroll,RW,unimplemented,crates/bus/src/next.rs (default NextReg read/write fallthrough),bits 7:0 = Y Offset (0-191) (soft reset = 0),No implemented register handler: reads fall through to 0xFF and writes have no effect; all documented bits/side effects are missing.,none verified,none
34,Sprite Number,RW,partial,crates/bus/src/next_sprites.rs,"bit 7 = Pattern address offset (add 128 to pattern address); bits 6:0 = Sprite number 0-127, Pattern number 0-63; bit 7 = Ignored; bits 6:0 = Sprite number 0-127; Bit 7 always reads back as zero.",Sprite index selects one of 128 sprites; writes can synchronize the port index when Peripheral 2 bit 4 is set.,sprite_ports_wrap_attribute_slots_and_nextreg_lockstep_is_explicit,none
35,Sprite Attribute 0,—,partial,crates/bus/src/next_sprites.rs,No bit fields listed in pinned source section.,Writes update selected sprite attribute byte 0; no auto-increment on this grouped register path.,none verified,none
36,Sprite Attribute 1,—,partial,crates/bus/src/next_sprites.rs,No bit fields listed in pinned source section.,Writes update selected sprite attribute byte 1; no auto-increment on this grouped register path.,none verified,none
37,Sprite Attribute 2,—,partial,crates/bus/src/next_sprites.rs,No bit fields listed in pinned source section.,Writes update selected sprite attribute byte 2; no auto-increment on this grouped register path.,none verified,none
38,Sprite Attribute 3,—,partial,crates/bus/src/next_sprites.rs,No bit fields listed in pinned source section.,Writes update selected sprite attribute byte 3; no auto-increment on this grouped register path.,none verified,none
39,Sprite Attribute 4,—,partial,crates/bus/src/next_sprites.rs,No bit fields listed in pinned source section.,Writes update selected sprite attribute byte 4; extended attributes are only partially interpreted.,none verified,none
40,Palette Index,RW,partial,crates/bus/src/next_video.rs,bits 7:0 = Select the palette index to change the associated colour. (soft reset = 0),Palette index register; write resets pending 9-bit second-byte state. Active palette/index selection is stateful.,layer2_palettes_reset_to_identity_rgb332_with_auto_increment_enabled; layer2_palette_selection_increment_and_nine_bit_readback; eight_bit_palette_read_uses_selected_index_without_incrementing,none
41,Palette Value (8 bit colour),RW,partial,crates/bus/src/next_video.rs,bits 7:0 = Colour for the palette index selected by nextreg 0x40.,Palette RGB332 data; selected palette index auto-increments according to palette control.,layer2_palette_selection_increment_and_nine_bit_readback; eight_bit_palette_read_uses_selected_index_without_incrementing,none
42,ULANext Attribute Byte Format,RW,unimplemented,crates/bus/src/next.rs (default NextReg read/write fallthrough),bits 7:0 = Mask indicating which bits of an attribute byte are used to represent INK.,No implemented register handler: reads fall through to 0xFF and writes have no effect; all documented bits/side effects are missing.,none verified,none
43,Palette Control,RW,partial,crates/bus/src/next_video.rs,"bit 7 = Disable palette write auto-increment (soft reset = 0); bits 6-4 = Select palette for reading or writing (soft reset = 000); bit 3 = Select Sprites palette (0 = first palette, 1 = second palette) (soft reset = 0); bit 2 = Select Layer 2 palette (0 = first palette, 1 = second palette) (soft reset = 0); bit 1 = Select ULA palette (0 = first palette, 1 = second palette) (soft reset = 0); bit 0 = Enabe ULANext mode (soft reset = 0)",Palette control selects palette/write bank; write resets pending 9-bit second-byte state.,layer2_palette_selection_increment_and_nine_bit_readback; eight_bit_palette_read_uses_selected_index_without_incrementing,none
44,Palette Value (9 bit colour),RW,partial,crates/bus/src/next_video.rs,"bits 7:0 = RRRGGGBB; bits 7:1 = Reserved, must be 0; bit 0 = lsb B; bit 7 = 1 for L2 priority colour, 0 for normal.",Palette ninth-bit data carries priority and blue extension; second-byte state is visible through $03 bit 7.,layer2_palette_selection_increment_and_nine_bit_readback,none
4A,Fallback Colour,RW,unimplemented,crates/bus/src/next.rs (default NextReg read/write fallthrough),bits 7:0 = 8-bit colour used if all layers are transparent (soft reset = 0xe3),No implemented register handler: reads fall through to 0xFF and writes have no effect; all documented bits/side effects are missing.,none verified,none
4B,Sprite Transparency Index,RW,partial,crates/bus/src/next_sprites.rs,bits 7:0 = Sprite colour index treated as transparent (soft reset = 0xe3),Sprite transparency color is stored as full byte and used by supported sprite palette composition.,sprite_palette_transparency_uses_source_index_and_palette_selection,none
4C,Tilemap Transparency Index,RW,partial,crates/bus/src/next_video.rs,"bits 7-4 = Reserved, must be 0; bits 3-0 = Tilemap colour index treated as transparent (soft reset = 0xf)",Tilemap transparency stores only low nibble.,none verified,none
50,MMU slot 0,RW,partial,crates/bus/src/next.rs,bits 7:0 = 8K RAM page occupying address 0x0000 - 0x1FFF (soft reset = 255),MMU slot 0 maps an 8 KiB physical page; invalid pages resolve to open bus/no RAM write. ROM/config overlays can take precedence.,guest_fetches_and_reads_writes_after_nextreg_remaps_pages; config_mapping_uses_raw_sram_banks_without_rewiring_the_mmu; all_ram_overlay_keeps_mmu_registers_and_restores_middle_slots,none
51,MMU slot 1,RW,partial,crates/bus/src/next.rs,bits 7:0 = 8K RAM page occupying address 0x2000 - 0x3FFF (soft reset = 255),MMU slot 1 maps an 8 KiB physical page; invalid pages resolve to open bus/no RAM write. ROM/config overlays can take precedence.,config_mapping_uses_raw_sram_banks_without_rewiring_the_mmu; spectrum_128_mapping_register_updates_or_preserves_ram_bank_by_write_bit,none
52,MMU slot 2,RW,partial,crates/bus/src/next.rs,bits 7:0 = 8K RAM page occupying address 0x4000 - 0x5FFF (soft reset = 10),MMU slot 2 maps an 8 KiB physical page; invalid pages resolve to open bus/no RAM write. All-RAM layouts can override it.,all_ram_overlay_keeps_mmu_registers_and_restores_middle_slots,none
53,MMU slot 3,RW,partial,crates/bus/src/next.rs,bits 7:0 = 8K RAM page occupying address 0x6000 - 0x7FFF (soft reset = 11),MMU slot 3 maps an 8 KiB physical page; invalid pages resolve to open bus/no RAM write. All-RAM layouts can override it.,all_ram_overlay_keeps_mmu_registers_and_restores_middle_slots,none
54,MMU slot 4,RW,partial,crates/bus/src/next.rs,bits 7:0 = 8K RAM page occupying address 0x8000 - 0x9FFF (soft reset = 4),MMU slot 4 maps an 8 KiB physical page; invalid pages resolve to open bus/no RAM write. All-RAM layouts can override it.,nextreg_instruction_and_register_ports_share_mmu_state; all_ram_overlay_keeps_mmu_registers_and_restores_middle_slots,none
55,MMU slot 5,RW,partial,crates/bus/src/next.rs,bits 7:0 = 8K RAM page occupying address 0xA000 - 0xBFFF (soft reset = 5),MMU slot 5 maps an 8 KiB physical page; invalid pages resolve to open bus/no RAM write. All-RAM layouts can override it.,all_ram_overlay_keeps_mmu_registers_and_restores_middle_slots,none
56,MMU slot 6,RW,partial,crates/bus/src/next.rs,bits 7:0 = 8K RAM page occupying address 0xC000 - 0xDFFF (soft reset = 0),MMU slot 6 maps an 8 KiB physical page; invalid pages resolve to open bus/no RAM write. Legacy paging may update this slot.,guest_fetches_and_reads_writes_after_nextreg_remaps_pages; spectrum_128_mapping_register_updates_or_preserves_ram_bank_by_write_bit,none
57,MMU slot 7,RW,partial,crates/bus/src/next.rs,bits 7:0 = 8K RAM page occupying address 0xE000 - 0xFFFF (soft reset = 1),MMU slot 7 maps an 8 KiB physical page; invalid pages resolve to open bus/no RAM write. Legacy paging may update this slot.,spectrum_128_mapping_register_updates_or_preserves_ram_bank_by_write_bit,none
60,Copper Data 8-bit Write,W,partial,crates/bus/src/next_copper.rs,bits 7:0 = Byte to write to copper instruction memory,Write-only Copper program data path at the selected address; reads fall through to 0xFF. Timed execution applies only supported video writes.,nextreg_60_stream_uses_the_byte_address_selected_by_61_and_62; copper_wait_move_updates_layer2_in_the_current_frame; copper_move_at_frame_boundary_is_rendered_in_the_next_frame,none
61,Copper Address LSB,RW,partial,crates/bus/src/next_copper.rs,bits 7:0 = Copper instruction memory address LSB (soft reset = 0),Copper low address register; reads report current low address and writes update it while preserving high-address state.,nextreg_60_stream_uses_the_byte_address_selected_by_61_and_62,none
62,Copper Control,RW,partial,crates/bus/src/next_copper.rs,bits 7:6 = Start control (soft reset = 00); bits 2:0 = Copper instruction memory address MSB (soft reset = 0),Copper control is timed against machine master time; controls supported execution/start/stop and write sequencing. Other source modes are incomplete.,nextreg_60_stream_uses_the_byte_address_selected_by_61_and_62; copper_wait_move_updates_layer2_in_the_current_frame,none
63,Copper Data 16-bit Write,W,unimplemented,crates/bus/src/next.rs (default NextReg read/write fallthrough),No bit fields listed in pinned source section.,No implemented register handler: reads fall through to 0xFF and writes have no effect; all documented bits/side effects are missing.,none verified,none
64,Vertical Line Count Offset,RW,unimplemented,crates/bus/src/next.rs (default NextReg read/write fallthrough),"bits 7:0 = Offset added to the vertical line counter affects copper, line interrupt and active line count.",No implemented register handler: reads fall through to 0xFF and writes have no effect; all documented bits/side effects are missing.,none verified,none
68,ULA Control,RW,unimplemented,crates/bus/src/next.rs (default NextReg read/write fallthrough),"bit 7 = Disable ULA output (soft reset = 0); bits 6:5 = Blending in SLU modes 6 & 7 (soft reset = 0); bit 4 = Cancel entries in 8x5 matrix for extended keys; bit 3 = ULA+ enable (soft reset = 0); bit 2 = ULA half pixel scroll (soft reset = 0); bit 1 = Reserved, must be 0; bit 0 = Enable stencil mode when both the ULA and tilemap are enabled (soft reset = 0)",No implemented register handler: reads fall through to 0xFF and writes have no effect; all documented bits/side effects are missing.,none verified,none
69,Display Control 1,RW,partial,crates/bus/src/next_video.rs,bit 7 = Enable layer 2 (alias port 0x123B bit 1); bit 6 = Enable ULA shadow display (alias port 0x7FFD bit 3); bits 5:0 = Port 0xFF bits 5:0 alias (Timex display modes),Bit 7 controls Layer 2 visibility and low six bits mirror Timex video control; bit 0 also selects display file. Other source-defined fields are incomplete.,layer2_visibility_is_mirrored_between_register_and_control_port; timex_display_file_selector_is_aliased_by_nextreg_69_and_port_ff; layer2_composes_only_for_next_and_honors_priority_and_layer_order,none
6A,LoRes Control,RW,partial,crates/bus/src/next_video.rs,"bits 7-6 = Reserved, must be 0; bit 5 = LoRes is Radastan mode (128x96x4, 6144 bytes) (soft reset = 0); bit 4 = LoRes Radastan timex display file xor (soft reset = 0); bits 3:0 = LoRes palette offset (bits 1:0 apply in ula+ mode) (soft reset = 0)",LoRes/Radastan control retains bits 5:0; supported rendering covers packed palette mode and selected display-file XOR behavior.,standard_lores_replaces_only_paper_with_palette_pixels; radastan_uses_packed_palette_and_xor_selected_file_in_both_ula_banks,none
6B,Tilemap Control,RW,partial,crates/bus/src/next_video.rs,"bit 7 = 1 Enable the tilemap (soft reset = 0); bit 6 = 0 for 40x32, 1 for 80x32 (soft reset = 0); bit 5 = Eliminate the attribute entry in the tilemap (soft reset = 0); bit 4 = Palette select (soft reset = 0); bit 3 = Select textmode (soft reset = 0); bit 2 = Reserved, must be 0; bit 1 = Activate 512 tile mode (soft reset = 0); bit 0 = Force tilemap on top of ULA (soft reset = 0)",Tilemap control stores all bits except bit 2; only current supported tilemap conditions render.,none verified,none
6C,Default Tilemap Attribute,RW,unimplemented,crates/bus/src/next.rs (default NextReg read/write fallthrough),bits 7:4 = Palette offset (soft reset = 0); bit 3 = X mirror (soft reset = 0); bit 2 = Y mirror (soft reset = 0); bit 1 = Rotate (soft reset = 0); bit 0 = ULA over tilemap (soft reset = 0),No implemented register handler: reads fall through to 0xFF and writes have no effect; all documented bits/side effects are missing.,none verified,none
6E,Tilemap Base Address,RW,partial,crates/bus/src/next_video.rs,"bit 7 = 1 to select bank 7, 0 to select bank 5; bit 6 = Reserved, must be 0; bits 5:0 = MSB of address of the tilemap in Bank 5","Tilemap base retains bits 7,6,5,3,2,1,0 (mask 0xBF); base interpretation is limited to renderer-supported maps.",none verified,none
6F,Tile Definitions Base Address,RW,partial,crates/bus/src/next_video.rs,"bit 7 = 1 to select bank 7, 0 to select bank 5; bit 6 = Reserved, must be 0; bits 5:0 = MSB of address of tile definitions in Bank 5",Tile base retains bits under mask 0xBF; tilemap renderer supports the implemented tile data path only.,none verified,none
70,Layer 2 Control,RW,partial,crates/bus/src/next_video.rs,"bits 7:6 = Reserved, must be 0; bits 5:4 = Layer 2 resolution (soft reset = 0); bits 3:0 = Palette offset (soft reset = 0)",Layer 2 control retains bits 5:0; only standard and selected LoRes/Radastan paths are composed.,layer2_palette_selection_increment_and_nine_bit_readback; layer2_composes_only_for_next_and_honors_priority_and_layer_order,none
71,Layer 2 X Scroll MSB,RW,unimplemented,crates/bus/src/next.rs (default NextReg read/write fallthrough),"bits 7:1 = Reserved, must be 0; bit 0 = MSB of scroll amount",No implemented register handler: reads fall through to 0xFF and writes have no effect; all documented bits/side effects are missing.,none verified,none
75,Sprite Attribute 0 with automatic post increment of Sprite Number,W,partial,crates/bus/src/next_sprites.rs,No bit fields listed in pinned source section.,Write sprite attribute 0 at selected index then auto-increment the 7-bit sprite index.,sprite_ports_wrap_attribute_slots_and_nextreg_lockstep_is_explicit,none
76,Sprite Attribute 1 with automatic post increment of Sprite Number,W,partial,crates/bus/src/next_sprites.rs,No bit fields listed in pinned source section.,Write sprite attribute 1 at selected index then auto-increment the 7-bit sprite index.,none verified,none
77,Sprite Attribute 2 with automatic post increment of Sprite Number,W,partial,crates/bus/src/next_sprites.rs,No bit fields listed in pinned source section.,Write sprite attribute 2 at selected index then auto-increment the 7-bit sprite index.,none verified,none
78,Sprite Attribute 3 with automatic post increment of Sprite Number,W,partial,crates/bus/src/next_sprites.rs,No bit fields listed in pinned source section.,Write sprite attribute 3 at selected index then auto-increment the 7-bit sprite index.,none verified,none
79,Sprite Attribute 4 with automatic post increment of Sprite Number,W,partial,crates/bus/src/next_sprites.rs,No bit fields listed in pinned source section.,Write sprite attribute 4 at selected index then auto-increment the 7-bit sprite index.,none verified,none
7F,User Register 0,RW,unimplemented,crates/bus/src/next.rs (default NextReg read/write fallthrough),bits 7:0 = Unused storage available to the user (hard reset = 0xff),No implemented register handler: reads fall through to 0xFF and writes have no effect; all documented bits/side effects are missing.,none verified,none
80,Expansion Bus Enable,RW,intentionally_unsupported,crates/bus/src/next.rs (default NextReg read/write fallthrough),bit 7 = 1 to enable the expansion bus; bit 6 = 1 to enable romcs rom replacement from divmmc banks 14/15; bit 5 = 1 to disable i/o cycles & ignore iorqula; bit 4 = 1 to disable memory cycles & ignore romcs; bit 3 = 1 to enable the expansion bus; bit 2 = 1 to enable romcs rom replacement from divmmc banks 14/15; bit 1 = 1 to disable i/o cycles & ignore iorqula; bit 0 = 1 to disable memory cycles & ignore romcs,Documented register is intentionally outside modeled hardware scope; no register bits or side effects are implemented. Reads fall through to 0xFF and writes are ignored.,none verified,none
81,Expansion Bus Control,RW,intentionally_unsupported,crates/bus/src/next.rs (default NextReg read/write fallthrough),bit 7 = 1 if ROMCS is asserted on the expansion bus (read only); bit 6 = 1 to allow peripherals to override the ULA on some even port reads (rotronics wafadrive); bit 5 = 1 to disable expansion bus nmi debounce (opus discovery); bit 4 = 1 to propagate the max cpu clock at all times including when the expansion bus is off; bit 3 = 1 to enable +3 fdc signals on expansion bus (issue 5 only); bits 1-0 = max cpu speed when the expansion bus is on (currently fixed at 00 = 3.5MHz),Documented register is intentionally outside modeled hardware scope; no register bits or side effects are implemented. Reads fall through to 0xFF and writes are ignored.,none verified,none
82,"Internal Port Decoding Enables (0x85 is MSB) (soft reset if bit 31 = 1, hard reset if bit 31 = 0 : all 1)",—,intentionally_unsupported,crates/bus/src/next.rs (default NextReg read/write fallthrough),No bit fields listed in pinned source section.,Documented register is intentionally outside modeled hardware scope; no register bits or side effects are implemented. Reads fall through to 0xFF and writes are ignored.,none verified,none
83,"Internal Port Decoding Enables (0x85 is MSB) (soft reset if bit 31 = 1, hard reset if bit 31 = 0 : all 1)",—,intentionally_unsupported,crates/bus/src/next.rs (default NextReg read/write fallthrough),No bit fields listed in pinned source section.,Documented register is intentionally outside modeled hardware scope; no register bits or side effects are implemented. Reads fall through to 0xFF and writes are ignored.,none verified,none
84,"Internal Port Decoding Enables (0x85 is MSB) (soft reset if bit 31 = 1, hard reset if bit 31 = 0 : all 1)",—,intentionally_unsupported,crates/bus/src/next.rs (default NextReg read/write fallthrough),No bit fields listed in pinned source section.,Documented register is intentionally outside modeled hardware scope; no register bits or side effects are implemented. Reads fall through to 0xFF and writes are ignored.,none verified,none
85,"Internal Port Decoding Enables (0x85 is MSB) (soft reset if bit 31 = 1, hard reset if bit 31 = 0 : all 1)",—,intentionally_unsupported,crates/bus/src/next.rs (default NextReg read/write fallthrough),No bit fields listed in pinned source section.,Documented register is intentionally outside modeled hardware scope; no register bits or side effects are implemented. Reads fall through to 0xFF and writes are ignored.,none verified,none
86,"Expansion Bus Decoding Enables (0x89 is MSB) (soft reset if bit 31 = 0, hard reset if bit 31 = 1 : all 1)",RW,intentionally_unsupported,crates/bus/src/next.rs (default NextReg read/write fallthrough),"bit 0 = port ff; bit 1 = port 7ffd; bit 2 = port dffd; bit 3 = port 1ffd; bit 4 = +3 floating bus; bit 5 = port 6b zxn dma; bit 6 = port 1f kempston / md1; bit 7 = port 37 kempston 2 / md2; bit 8 = port e3 divmmc control; bit 9 = multiface (two variable ports); bit 10 = port 103b,113b i2c; bit 11 = port e7,eb spi; bit 12 = port 133b,143b,153b,163b uart; bit 13 = port fadf,fbdf,ffdf mouse (also disables kempston alias on port df); bit 14 = port 57,5b,303b sprites; bit 15 = port 123b layer2; bit 16 = port fffd,bffd ay; bit 17 = port 0f,1f,4f,5f dac soundrive mode 1; bit 18 = port f1,f3,f9,fb dac soundrive mode 2; bit 19 = port 3f,5f dac stereo profi covox; bit 20 = port 0f,4f dac stereo covox; bit 21 = port fb dac mono pentagon/atm (sd mode 2 off); bit 22 = port b3 dac mono gs covox; bit 23 = port df dac mono specdrum, port 1f kempston alias; bit 24 = port bf3b,ff3b ula+; bit 25 = port 0b z80 dma; bit 26 = port eff7 pentagon 1024 memory; bit 27 = port 183b,193b,1a3b,1b3b,1c3b,1d3b,1e3b,1f3b z80 ctc; bit 31 = register reset mode (soft or hard reset selection)",Documented register is intentionally outside modeled hardware scope; no register bits or side effects are implemented. Reads fall through to 0xFF and writes are ignored.,none verified,none
87,"Expansion Bus Decoding Enables (0x89 is MSB) (soft reset if bit 31 = 0, hard reset if bit 31 = 1 : all 1)",RW,intentionally_unsupported,crates/bus/src/next.rs (default NextReg read/write fallthrough),"bit 0 = port ff; bit 1 = port 7ffd; bit 2 = port dffd; bit 3 = port 1ffd; bit 4 = +3 floating bus; bit 5 = port 6b zxn dma; bit 6 = port 1f kempston / md1; bit 7 = port 37 kempston 2 / md2; bit 8 = port e3 divmmc control; bit 9 = multiface (two variable ports); bit 10 = port 103b,113b i2c; bit 11 = port e7,eb spi; bit 12 = port 133b,143b,153b,163b uart; bit 13 = port fadf,fbdf,ffdf mouse (also disables kempston alias on port df); bit 14 = port 57,5b,303b sprites; bit 15 = port 123b layer2; bit 16 = port fffd,bffd ay; bit 17 = port 0f,1f,4f,5f dac soundrive mode 1; bit 18 = port f1,f3,f9,fb dac soundrive mode 2; bit 19 = port 3f,5f dac stereo profi covox; bit 20 = port 0f,4f dac stereo covox; bit 21 = port fb dac mono pentagon/atm (sd mode 2 off); bit 22 = port b3 dac mono gs covox; bit 23 = port df dac mono specdrum, port 1f kempston alias; bit 24 = port bf3b,ff3b ula+; bit 25 = port 0b z80 dma; bit 26 = port eff7 pentagon 1024 memory; bit 27 = port 183b,193b,1a3b,1b3b,1c3b,1d3b,1e3b,1f3b z80 ctc; bit 31 = register reset mode (soft or hard reset selection)",Documented register is intentionally outside modeled hardware scope; no register bits or side effects are implemented. Reads fall through to 0xFF and writes are ignored.,none verified,none
88,"Expansion Bus Decoding Enables (0x89 is MSB) (soft reset if bit 31 = 0, hard reset if bit 31 = 1 : all 1)",RW,intentionally_unsupported,crates/bus/src/next.rs (default NextReg read/write fallthrough),"bit 0 = port ff; bit 1 = port 7ffd; bit 2 = port dffd; bit 3 = port 1ffd; bit 4 = +3 floating bus; bit 5 = port 6b zxn dma; bit 6 = port 1f kempston / md1; bit 7 = port 37 kempston 2 / md2; bit 8 = port e3 divmmc control; bit 9 = multiface (two variable ports); bit 10 = port 103b,113b i2c; bit 11 = port e7,eb spi; bit 12 = port 133b,143b,153b,163b uart; bit 13 = port fadf,fbdf,ffdf mouse (also disables kempston alias on port df); bit 14 = port 57,5b,303b sprites; bit 15 = port 123b layer2; bit 16 = port fffd,bffd ay; bit 17 = port 0f,1f,4f,5f dac soundrive mode 1; bit 18 = port f1,f3,f9,fb dac soundrive mode 2; bit 19 = port 3f,5f dac stereo profi covox; bit 20 = port 0f,4f dac stereo covox; bit 21 = port fb dac mono pentagon/atm (sd mode 2 off); bit 22 = port b3 dac mono gs covox; bit 23 = port df dac mono specdrum, port 1f kempston alias; bit 24 = port bf3b,ff3b ula+; bit 25 = port 0b z80 dma; bit 26 = port eff7 pentagon 1024 memory; bit 27 = port 183b,193b,1a3b,1b3b,1c3b,1d3b,1e3b,1f3b z80 ctc; bit 31 = register reset mode (soft or hard reset selection)",Documented register is intentionally outside modeled hardware scope; no register bits or side effects are implemented. Reads fall through to 0xFF and writes are ignored.,none verified,none
89,"Expansion Bus Decoding Enables (0x89 is MSB) (soft reset if bit 31 = 0, hard reset if bit 31 = 1 : all 1)",RW,intentionally_unsupported,crates/bus/src/next.rs (default NextReg read/write fallthrough),"bit 0 = port ff; bit 1 = port 7ffd; bit 2 = port dffd; bit 3 = port 1ffd; bit 4 = +3 floating bus; bit 5 = port 6b zxn dma; bit 6 = port 1f kempston / md1; bit 7 = port 37 kempston 2 / md2; bit 8 = port e3 divmmc control; bit 9 = multiface (two variable ports); bit 10 = port 103b,113b i2c; bit 11 = port e7,eb spi; bit 12 = port 133b,143b,153b,163b uart; bit 13 = port fadf,fbdf,ffdf mouse (also disables kempston alias on port df); bit 14 = port 57,5b,303b sprites; bit 15 = port 123b layer2; bit 16 = port fffd,bffd ay; bit 17 = port 0f,1f,4f,5f dac soundrive mode 1; bit 18 = port f1,f3,f9,fb dac soundrive mode 2; bit 19 = port 3f,5f dac stereo profi covox; bit 20 = port 0f,4f dac stereo covox; bit 21 = port fb dac mono pentagon/atm (sd mode 2 off); bit 22 = port b3 dac mono gs covox; bit 23 = port df dac mono specdrum, port 1f kempston alias; bit 24 = port bf3b,ff3b ula+; bit 25 = port 0b z80 dma; bit 26 = port eff7 pentagon 1024 memory; bit 27 = port 183b,193b,1a3b,1b3b,1c3b,1d3b,1e3b,1f3b z80 ctc; bit 31 = register reset mode (soft or hard reset selection)",Documented register is intentionally outside modeled hardware scope; no register bits or side effects are implemented. Reads fall through to 0xFF and writes are ignored.,none verified,none
8A,Expansion Bus IO Propagate,RW,intentionally_unsupported,crates/bus/src/next.rs (default NextReg read/write fallthrough),"bits 7:6 = Reserved, must be 0; bit 5 = Propagate port 0xeff7 io cycles (hard reset = 0); bit 4 = Propagate port 0xff io cycles (hard reset = 0); bit 3 = Propagate port 0x1ffd io cycles (hard reset = 0); bit 2 = Propagate port 0xdffd io cycles (hard reset = 0); bit 1 = Propagate port 0x7ffd io cycles (hard reset = 0); bit 0 = Propagate port 0xfe io cycles (hard reset = 0)",Documented register is intentionally outside modeled hardware scope; no register bits or side effects are implemented. Reads fall through to 0xFF and writes are ignored.,none verified,none
8C,Alternate ROM,RW,partial,crates/bus/src/next.rs,"bit 7 = 1 to enable alt rom; bit 6 = 1 to make alt rom visible only during writes, otherwise replaces rom during reads; bit 5 = 1 to lock ROM1 (48K rom); bit 4 = 1 to lock ROM0 (128K rom); bit 3 = 1 to enable alt rom; bit 2 = 1 to make alt rom visible only during writes, otherwise replaces rom during reads; bit 1 = 1 to lock ROM1 (48K rom); bit 0 = 1 to lock ROM0 (128K rom)",Alternate ROM read/write redirection control is stored; only described mapping/redirect modes are implemented.,config_mapping_pages_six_and_seven_are_alternate_roms; alternate_rom_write_and_read_redirect_roundtrip,none
8E,Spectrum 128K Memory Mapping,RW,partial,crates/bus/src/next.rs,bit 7 = port 0xdffd bit 0 \ RAM; bits 6:4 = port 0x7ffd bits 2:0 / bank 0-15; bit 2 = port 0x1ffd bit 0 paging mode; bit 1 = port 0x1ffd bit 2 \ ROM; bit 0 = port 0x7ffd bit 4 / select; bit 1 = port 0x1ffd bit 2 \ all; bit 0 = port 0x1ffd bit 1 / RAM,Legacy 128K mapping selects ROM/RAM and special all-RAM layouts; writes may preserve RAM bank depending on bit 3.,spectrum_128_rom_mapping_register_selects_each_16k_rom_bank; spectrum_128_mapping_register_updates_or_preserves_ram_bank_by_write_bit; spectrum_128_special_mapping_selects_the_four_all_ram_layouts,none
8F,Memory Mapping Mode,RW,unimplemented,crates/bus/src/next.rs (default NextReg read/write fallthrough),"bits 7:2 = Reserved, must be zero; bits 1:0 = Mapping mode applied",No implemented register handler: reads fall through to 0xFF and writes have no effect; all documented bits/side effects are missing.,none verified,none
90,PI GPIO Output Enable (0x93 is MSB),RW,intentionally_unsupported,crates/bus/src/next.rs (default NextReg read/write fallthrough),bits 27:0 Set bits enable GPIO output on the corresponding GPIO pin (soft reset = all 0),Documented register is intentionally outside modeled hardware scope; no register bits or side effects are implemented. Reads fall through to 0xFF and writes are ignored.,none verified,none
91,PI GPIO Output Enable (0x93 is MSB),RW,intentionally_unsupported,crates/bus/src/next.rs (default NextReg read/write fallthrough),bits 27:0 Set bits enable GPIO output on the corresponding GPIO pin (soft reset = all 0),Documented register is intentionally outside modeled hardware scope; no register bits or side effects are implemented. Reads fall through to 0xFF and writes are ignored.,none verified,none
92,PI GPIO Output Enable (0x93 is MSB),RW,intentionally_unsupported,crates/bus/src/next.rs (default NextReg read/write fallthrough),bits 27:0 Set bits enable GPIO output on the corresponding GPIO pin (soft reset = all 0),Documented register is intentionally outside modeled hardware scope; no register bits or side effects are implemented. Reads fall through to 0xFF and writes are ignored.,none verified,none
93,PI GPIO Output Enable (0x93 is MSB),RW,intentionally_unsupported,crates/bus/src/next.rs (default NextReg read/write fallthrough),bits 27:0 Set bits enable GPIO output on the corresponding GPIO pin (soft reset = all 0),Documented register is intentionally outside modeled hardware scope; no register bits or side effects are implemented. Reads fall through to 0xFF and writes are ignored.,none verified,none
98,PI GPIO (0x9B is MSB),RW,intentionally_unsupported,crates/bus/src/next.rs (default NextReg read/write fallthrough),bits 27:0 Read / Write the GPIO pin state (soft reset = 0x00001ff),Documented register is intentionally outside modeled hardware scope; no register bits or side effects are implemented. Reads fall through to 0xFF and writes are ignored.,none verified,none
99,PI GPIO (0x9B is MSB),RW,intentionally_unsupported,crates/bus/src/next.rs (default NextReg read/write fallthrough),bits 27:0 Read / Write the GPIO pin state (soft reset = 0x00001ff),Documented register is intentionally outside modeled hardware scope; no register bits or side effects are implemented. Reads fall through to 0xFF and writes are ignored.,none verified,none
9A,PI GPIO (0x9B is MSB),RW,intentionally_unsupported,crates/bus/src/next.rs (default NextReg read/write fallthrough),bits 27:0 Read / Write the GPIO pin state (soft reset = 0x00001ff),Documented register is intentionally outside modeled hardware scope; no register bits or side effects are implemented. Reads fall through to 0xFF and writes are ignored.,none verified,none
9B,PI GPIO (0x9B is MSB),RW,intentionally_unsupported,crates/bus/src/next.rs (default NextReg read/write fallthrough),bits 27:0 Read / Write the GPIO pin state (soft reset = 0x00001ff),Documented register is intentionally outside modeled hardware scope; no register bits or side effects are implemented. Reads fall through to 0xFF and writes are ignored.,none verified,none
A0,PI Peripheral Enable,RW,intentionally_unsupported,crates/bus/src/next.rs (default NextReg read/write fallthrough),"bits 7:6 = Reserved, must be 0; bit 5 = Enable UART on GPIO 14,15 (overrides gpio)* (soft reset = 0); bit 4 = 0 to connect Rx to GPIO 15, Tx to GPIO 14 (for comm with pi hats) (soft reset = 0); bit 3 = Enable I2C on GPIO 2,3 (override gpio) (soft reset = 0); bit 2 = Reserved, must be 0; bit 1 = Enable SPI on GPIO 7,8,9,10,11 in slave mode pi->Next (overrides gpio)** (hard reset = 0); bit 0 = Enable SPI on GPIO 7,8,9,10,11 in master mode Next->pi (overrides gpio) (soft reset = 0)",Documented register is intentionally outside modeled hardware scope; no register bits or side effects are implemented. Reads fall through to 0xFF and writes are ignored.,none verified,none
A2,PI I2S Audio Control,RW,intentionally_unsupported,crates/bus/src/next.rs (default NextReg read/write fallthrough),"bits 7:6 = I2S enable (soft reset = 00); bit 5 = Reserved, must be 0; bit 4 = 0 PCM_DOUT to pi, PCM_DIN from pi (hats) (soft reset = 0); bit 3 = Mute left side (soft reset = 0); bit 2 = Mute right side (soft reset = 0); bit 1 = Reserved must be 1; bit 0 = Direct i2s audio to EAR on port 0xFE (soft reset = 0)",Documented register is intentionally outside modeled hardware scope; no register bits or side effects are implemented. Reads fall through to 0xFF and writes are ignored.,none verified,none
A8,ESP Wifi GPIO Output Enable,RW,intentionally_unsupported,crates/bus/src/next.rs (default NextReg read/write fallthrough),"bit 2 = GPIO2 output enable (fixed at 0, GPIO2 is read-only); bit 0 = GPIO0 output enable",Documented register is intentionally outside modeled hardware scope; no register bits or side effects are implemented. Reads fall through to 0xFF and writes are ignored.,none verified,none
A9,ESP Wifi GPIO,RW,intentionally_unsupported,crates/bus/src/next.rs (default NextReg read/write fallthrough),bit 2 = Read / Write ESP GPIO2 (soft reset = 1); bit 0 = Read / Write ESP GPIO0 (soft reset = 1),Documented register is intentionally outside modeled hardware scope; no register bits or side effects are implemented. Reads fall through to 0xFF and writes are ignored.,none verified,none
B0,Extended Keys 0,R,unimplemented,crates/bus/src/next.rs (default NextReg read/write fallthrough),"bit 7 = 1 if ; pressed; bit 6 = 1 if "" pressed; bit 5 = 1 if , pressed; bit 4 = 1 if . pressed; bit 3 = 1 if UP pressed; bit 2 = 1 if DOWN pressed; bit 1 = 1 if LEFT pressed; bit 0 = 1 if RIGHT pressed",No implemented register handler: reads fall through to 0xFF and writes have no effect; all documented bits/side effects are missing.,none verified,none
B1,Extended Keys 1,R,unimplemented,crates/bus/src/next.rs (default NextReg read/write fallthrough),bit 7 = 1 if DELETE pressed; bit 6 = 1 if EDIT pressed; bit 5 = 1 if BREAK pressed; bit 4 = 1 if INV VIDEO pressed; bit 3 = 1 if TRUE VIDEO pressed; bit 2 = 1 if GRAPH pressed; bit 1 = 1 if CAPS LOCK pressed; bit 0 = 1 if EXTEND pressed,No implemented register handler: reads fall through to 0xFF and writes have no effect; all documented bits/side effects are missing.,none verified,none
B2,Extended MD Pad Buttons,R,unimplemented,crates/bus/src/next.rs (default NextReg read/write fallthrough),bit 7 = 1 if Right Pad X pressed; bit 6 = 1 if Right Pad Z pressed; bit 5 = 1 if Right Pad Y pressed; bit 4 = 1 if Right Pad MODE pressed; bit 3 = 1 if Left Pad X pressed; bit 2 = 1 if Left Pad Z pressed; bit 1 = 1 if Left Pad Y pressed; bit 0 = 1 if Left Pad MODE pressed,No implemented register handler: reads fall through to 0xFF and writes have no effect; all documented bits/side effects are missing.,none verified,none
B8,Divmmc Entry Points 0,RW,partial,crates/bus/src/next.rs,bit 7 = 1 to enable automap on address 0x0038 (instruction fetch); bit 6 = 1 to enable automap on address 0x0030 (instruction fetch); bit 5 = 1 to enable automap on address 0x0028 (instruction fetch); bit 4 = 1 to enable automap on address 0x0020 (instruction fetch); bit 3 = 1 to enable automap on address 0x0018 (instruction fetch); bit 2 = 1 to enable automap on address 0x0010 (instruction fetch); bit 1 = 1 to enable automap on address 0x0008 (instruction fetch); bit 0 = 1 to enable automap on address 0x0000 (instruction fetch),Stores DivMMC entry-point address field 0; used by modeled RST automapping.,divmmc_rst_automap_and_return_window_follow_nextreg_controls,none
B9,Divmmc Entry Points Valid 0,RW,partial,crates/bus/src/next.rs,bit 7 = 1 for always else only when rom3 is present (0x0038); bit 6 = 1 for always else only when rom3 is present (0x0030); bit 5 = 1 for always else only when rom3 is present (0x0028); bit 4 = 1 for always else only when rom3 is present (0x0020); bit 3 = 1 for always else only when rom3 is present (0x0018); bit 2 = 1 for always else only when rom3 is present (0x0010); bit 1 = 1 for always else only when rom3 is present (0x0008); bit 0 = 1 for always else only when rom3 is present (0x0000),Stores DivMMC entry-point validity flags; modeled RST trigger checks selected flags.,divmmc_rst_automap_and_return_window_follow_nextreg_controls,none
BA,Divmmc Entry Points Timing 0,RW,partial,crates/bus/src/next.rs,bit 7 = 1 for instant mapping else delayed (0x0038); bit 6 = 1 for instant mapping else delayed (0x0030); bit 5 = 1 for instant mapping else delayed (0x0028); bit 4 = 1 for instant mapping else delayed (0x0020); bit 3 = 1 for instant mapping else delayed (0x0018); bit 2 = 1 for instant mapping else delayed (0x0010); bit 1 = 1 for instant mapping else delayed (0x0008); bit 0 = 1 for instant mapping else delayed (0x0000),Stores DivMMC entry-point timing selector; supports configured/delayed/instant automap subset.,divmmc_rst_automap_and_return_window_follow_nextreg_controls,none
BB,Divmmc Entry Points 1,RW,partial,crates/bus/src/next.rs,"bit 7 = 1 to enable automap on addresses 0x3DXX (instruction fetch, instant, ROM3) > TRDOS; bit 6 = 1 to disable automap on addresses 0x1FF8-0x1FFF (instruction fetch, delayed); bit 5 = 1 to enable automap on address 0x056A (instruction fetch, delayed, ROM3) \ tape traps; bit 4 = 1 to enable automap on address 0x04D7 (instruction fetch, delayed, ROM3) / nextzxos (better compatibility); bit 3 = 1 to enable automap on address 0x0562 (instruction fetch, delayed, ROM3) \ tape traps; bit 2 = 1 to enable automap on address 0x04C6 (instruction fetch, delayed, ROM3) / esxdos + original divmmc; bit 1 = 1 to enable automap on address 0x0066 (instruction fetch + button, instant); bit 0 = 1 to enable automap on address 0x0066 (instruction fetch + button, delayed)",Stores second DivMMC entry-point field; participates in modeled return/automap handling.,divmmc_rst_automap_and_return_window_follow_nextreg_controls,none
C0,Interrupt Control,RW,partial,crates/bus/src/next.rs; crates/bus/src/next_ctc.rs,"bits 7:5 = Programmable portion of im2 vector*; bit 4 = Reserved must be 0; bit 3 = Enable stackless nmi response**; bits 2:1 = Current Z80 interrupt mode 0,1,2 (read only, write ignored); bit 0 = Maskable interrupt mode: pulse (0) or hw im2 mode (1); bits 7:5 = nextreg 0xC0 bits 7:5; bits 4:1 = 0 line interrupt (highest priority); bit 0 = 0",CTC interrupt control stores mask 0xE1; bit 0 controls CTC vector/IM2 mode and bits 7:5 vector base. Four-channel model only.,ctc_hardware_im2_vectors_use_slots_three_through_six; ctc_hardware_im2_interrupt_runs_guest_handler_and_reti_releases_service,#551
C2,NMI Return Address LSB,RW,unimplemented,crates/bus/src/next.rs (default NextReg read/write fallthrough),No bit fields listed in pinned source section.,No implemented register handler: reads fall through to 0xFF and writes have no effect; all documented bits/side effects are missing.,none verified,none
C3,NMI Return Address MSB,RW,unimplemented,crates/bus/src/next.rs (default NextReg read/write fallthrough),No bit fields listed in pinned source section.,No implemented register handler: reads fall through to 0xFF and writes have no effect; all documented bits/side effects are missing.,none verified,none
C4,INT EN 0,RW,unimplemented,crates/bus/src/next.rs (default NextReg read/write fallthrough),bit 7 = Expansion bus /INT; bits 6:2 = Reserved must be 0; bit 1 = Line **; bit 0 = ULA **,No implemented register handler: reads fall through to 0xFF and writes have no effect; all documented bits/side effects are missing.,none verified,none
C5,INT EN 1,RW,partial,crates/bus/src/next.rs; crates/bus/src/next_ctc.rs,bit 7 = ctc channel 7 zc/to; bit 6 = ctc channel 6 zc/to; bit 5 = ctc channel 5 zc/to; bit 4 = ctc channel 4 zc/to; bit 3 = ctc channel 3 zc/to; bit 2 = ctc channel 2 zc/to; bit 1 = ctc channel 1 zc/to; bit 0 = ctc channel 0 zc/to,CTC interrupt enable for four channels; other documented channels/modes are absent.,ctc_hardware_im2_vectors_use_slots_three_through_six; ctc_hardware_im2_interrupt_runs_guest_handler_and_reti_releases_service,#551
C6,INT EN 2,RW,unimplemented,crates/bus/src/next.rs (default NextReg read/write fallthrough),bit 7 = Reserved must be zero; bit 6 = UART1 Tx empty; bit 5 = UART1 Rx near full \ shared; bit 4 = UART1 Rx available / interrupt; bit 3 = Reserved must be zero; bit 2 = UART0 Tx empty; bit 1 = UART0 Rx near full \ shared; bit 0 = UART0 Rx available / interrupt,No implemented register handler: reads fall through to 0xFF and writes have no effect; all documented bits/side effects are missing.,none verified,none
C7,"Reserved, write 0",—,reserved,crates/bus/src/next.rs (default NextReg read/write fallthrough),No bit fields listed in pinned source section.,Reserved by the pinned source; no implementation is needed unless the specification changes.,none verified,none
C8,INT Status 0,RW,unimplemented,crates/bus/src/next.rs (default NextReg read/write fallthrough),bits 7:2 = Reserved must be 0; bit 1 = Line; bit 0 = ULA,No implemented register handler: reads fall through to 0xFF and writes have no effect; all documented bits/side effects are missing.,none verified,none
C9,INT Status 1,RW,partial,crates/bus/src/next.rs; crates/bus/src/next_ctc.rs,bit 7 = ctc channel 7 zc/to; bit 6 = ctc channel 6 zc/to; bit 5 = ctc channel 5 zc/to; bit 4 = ctc channel 4 zc/to; bit 3 = ctc channel 3 zc/to; bit 2 = ctc channel 2 zc/to; bit 1 = ctc channel 1 zc/to; bit 0 = ctc channel 0 zc/to,CTC interrupt status readback and write-to-clear behavior for modeled four-channel state.,ctc_hardware_im2_interrupt_runs_guest_handler_and_reti_releases_service,#551
CA,INT Status 2,RW,unimplemented,crates/bus/src/next.rs (default NextReg read/write fallthrough),bit 7 = Reserved must be zero; bit 6 = UART1 Tx empty; bit 5 = UART1 Rx half full \ shared; bit 4 = UART1 Rx available / interrupt; bit 3 = Reserved must be zero; bit 2 = UART0 Tx empty; bit 1 = UART0 Rx half full \ shared; bit 0 = UART0 Rx available / interrupt,No implemented register handler: reads fall through to 0xFF and writes have no effect; all documented bits/side effects are missing.,none verified,none
CB,"Reserved, write 0xFF",—,reserved,crates/bus/src/next.rs (default NextReg read/write fallthrough),No bit fields listed in pinned source section.,Reserved by the pinned source; no implementation is needed unless the specification changes.,none verified,none
CC,DMA INT EN 0,RW,unimplemented,crates/bus/src/next.rs (default NextReg read/write fallthrough),bit 7 = NMI; bit 1 = Line; bit 0 = ULA,No implemented register handler: reads fall through to 0xFF and writes have no effect; all documented bits/side effects are missing.,none verified,none
CD,DMA INT EN 1,RW,unimplemented,crates/bus/src/next.rs (default NextReg read/write fallthrough),bit 7 = ctc channel 7 zc/to; bit 6 = ctc channel 6 zc/to; bit 5 = ctc channel 5 zc/to; bit 4 = ctc channel 4 zc/to; bit 3 = ctc channel 3 zc/to; bit 2 = ctc channel 2 zc/to; bit 1 = ctc channel 1 zc/to; bit 0 = ctc channel 0 zc/to,No implemented register handler: reads fall through to 0xFF and writes have no effect; all documented bits/side effects are missing.,none verified,none
CE,DMA INT EN 2,RW,unimplemented,crates/bus/src/next.rs (default NextReg read/write fallthrough),bit 7 = Reserved must be zero; bit 6 = UART1 Tx empty; bit 5 = UART1 Rx half full \ shared; bit 4 = UART1 Rx available / interrupt; bit 3 = Reserved must be zero; bit 2 = UART0 Tx empty; bit 1 = UART0 Rx half full \ shared; bit 0 = UART0 Rx available / interrupt,No implemented register handler: reads fall through to 0xFF and writes have no effect; all documented bits/side effects are missing.,none verified,none
CF,"Reserved, write 0",—,reserved,crates/bus/src/next.rs (default NextReg read/write fallthrough),No bit fields listed in pinned source section.,Reserved by the pinned source; no implementation is needed unless the specification changes.,none verified,none
D8,I/O Traps (experimental),RW,unimplemented,crates/bus/src/next.rs (default NextReg read/write fallthrough),bits 7:1 = Reserved must be zero; bit 0 = 1 to enable +3 FDC traps on ports 0x2ffd and 0x3ffd,No implemented register handler: reads fall through to 0xFF and writes have no effect; all documented bits/side effects are missing.,none verified,none
D9,I/O Trap Write (experimental),RW,unimplemented,crates/bus/src/next.rs (default NextReg read/write fallthrough),No bit fields listed in pinned source section.,No implemented register handler: reads fall through to 0xFF and writes have no effect; all documented bits/side effects are missing.,none verified,none
DA,I/O Trap Cause (experimental),—,unimplemented,crates/bus/src/next.rs (default NextReg read/write fallthrough),No bit fields listed in pinned source section.,No implemented register handler: reads fall through to 0xFF and writes have no effect; all documented bits/side effects are missing.,none verified,none
F0,XDEV CMD,—,intentionally_unsupported,crates/bus/src/next.rs (default NextReg read/write fallthrough),"bit 7 = 1 if in select mode; bits 1:0 = indicate currently selected device; bit 7 = 1 to enter select mode, 0 to enter selected device mode (no other bits have effect) ***; bit 6 = 1 to change selected device **; bits 1:0 = selected device; bit 0 = dna bit (serial stream shifts left); bit 7 = 1 to enter select mode (write has no other effect) *; bit 6 = 1 if XADC is busy with conversion (BUSY); bit 1 = 1 if XADC conversion completed since last read (EOC, read clears); bit 0 = 1 if XADC conversion sequence completed since last read (EOS, read clears); bit 7 = 1 to enter select mode (write has no other effect) *; bit 6 = 1 to reset XADC (RESET); bit 0 = 1 to start conversion (CONVST)",Documented register is intentionally outside modeled hardware scope; no register bits or side effects are implemented. Reads fall through to 0xFF and writes are ignored.,none verified,none
F8,XADC REG,—,intentionally_unsupported,crates/bus/src/next.rs (default NextReg read/write fallthrough),"bit 7 = 1 to write to XADC DRP port, 0 to read from XADC DRP port **; bits 6:0 = XADC DRP register address DADDR",Documented register is intentionally outside modeled hardware scope; no register bits or side effects are implemented. Reads fall through to 0xFF and writes are ignored.,none verified,none
F9,XADC D0,—,intentionally_unsupported,crates/bus/src/next.rs (default NextReg read/write fallthrough),bits 7:0 = LSB data connected to XADC DRP data bus D7:0,Documented register is intentionally outside modeled hardware scope; no register bits or side effects are implemented. Reads fall through to 0xFF and writes are ignored.,none verified,none
FA,XADC D1,—,intentionally_unsupported,crates/bus/src/next.rs (default NextReg read/write fallthrough),bits 7:0 = MSB data connected to XADC DRP data bus D15:8,Documented register is intentionally outside modeled hardware scope; no register bits or side effects are implemented. Reads fall through to 0xFF and writes are ignored.,none verified,none
FF,Reserved for internal use,—,reserved,crates/bus/src/next.rs (default NextReg read/write fallthrough),No bit fields listed in pinned source section.,Reserved by the pinned source; no implementation is needed unless the specification changes.,none verified,none
