pattern,address,description,access,status,implementation,behavior_limits,tests,follow_up
XXXX XXXX XXXX XXX0,0xfe,ULA,RW,partial,crates/bus/src/next.rs,"Keyboard, beeper and border path; issue-specific EAR/mic electrical behavior is simplified.",even_ports_read_the_active_low_keyboard_matrix; frame_audio_contains_next_beeper_edges,none
XXXX XXXX 1111 1111,0xff,"Timex video, floating bus",RW,intentionally_unsupported,crates/bus/src/next.rs (I/O default decode/fallthrough),This documented external or legacy device path is intentionally outside the current modeled scope; no device-specific register bits or side effects are implemented.,timex_display_file_selector_is_aliased_by_nextreg_69_and_port_ff,none
0XXX XXXX XXXX XX01,0x7ffd,ZX Spectrum 128 memory,W,partial,crates/bus/src/next.rs,Legacy paging decode and selected memory maps; attached +3 disk controller is not included.,legacy_paging_ports_sync_with_nextreg_and_preserve_full_dffd_bank,none
01XX XXXX XXXX XX01,0x7ffd,ZX Spectrum 128 memory +3 only,W,partial,crates/bus/src/next.rs,Legacy paging decode and selected memory maps; attached +3 disk controller is not included.,legacy_paging_ports_sync_with_nextreg_and_preserve_full_dffd_bank,none
1101 XXXX XXXX XX01,0xdffd,ZX Spectrum 128 memory,W,partial,crates/bus/src/next.rs,Legacy paging decode and selected memory maps; attached +3 disk controller is not included.,legacy_paging_ports_sync_with_nextreg_and_preserve_full_dffd_bank,none
0001 XXXX XXXX XX01,0x1ffd,ZX Spectrum +3 memory,W,partial,crates/bus/src/next.rs,Legacy paging decode and selected memory maps; attached +3 disk controller is not included.,legacy_paging_ports_sync_with_nextreg_and_preserve_full_dffd_bank,none
0010 XXXX XXXX XX01,0x2ffd,ZX Spectrum +3 FDC status,R,intentionally_unsupported,crates/bus/src/next.rs (I/O default decode/fallthrough),This documented external or legacy device path is intentionally outside the current modeled scope; no device-specific register bits or side effects are implemented.,none verified,none
0011 XXXX XXXX XX01,0x3ffd,ZX Spectrum +3 FDC control,RW,intentionally_unsupported,crates/bus/src/next.rs (I/O default decode/fallthrough),This documented external or legacy device path is intentionally outside the current modeled scope; no device-specific register bits or side effects are implemented.,none verified,none
1110 XXXX 1111 0111,0xeff7,Pentagon 1024K memory,W,intentionally_unsupported,crates/bus/src/next.rs (I/O default decode/fallthrough),This documented external or legacy device path is intentionally outside the current modeled scope; no device-specific register bits or side effects are implemented.,none verified,none
0000 XXXX XXXX XX01,,ZX Spectrum +3 floating bus,R,intentionally_unsupported,crates/bus/src/next.rs (I/O default decode/fallthrough),This documented external or legacy device path is intentionally outside the current modeled scope; no device-specific register bits or side effects are implemented.,none verified,none
0010 0100 0011 1011,0x243b,NextREG Register Select,RW,partial,crates/bus/src/next.rs,Register select/access supported; other documented Next ports are handled independently.,nextreg_instruction_and_register_ports_share_mmu_state,none
0010 0101 0011 1011,0x253b,NextREG Data,RW,partial,crates/bus/src/next.rs,Register select/access supported; other documented Next ports are handled independently.,nextreg_instruction_and_register_ports_share_mmu_state,none
0001 0000 0011 1011,0x103b,i2c SCL,RW,intentionally_unsupported,crates/bus/src/next.rs (I/O default decode/fallthrough),This documented external or legacy device path is intentionally outside the current modeled scope; no device-specific register bits or side effects are implemented.,none verified,none
0001 0001 0011 1011,0x113b,i2c SDA,RW,intentionally_unsupported,crates/bus/src/next.rs (I/O default decode/fallthrough),This documented external or legacy device path is intentionally outside the current modeled scope; no device-specific register bits or side effects are implemented.,none verified,none
0001 0010 0011 1011,0x123b,Layer 2,RW,partial,crates/bus/src/next_video.rs; crates/bus/src/next.rs,Visibility control only; underlying Layer 2 feature is a partial subset.,none verified,none
0001 0011 0011 1011,0x133b,UART Tx,RW,intentionally_unsupported,crates/bus/src/next.rs (I/O default decode/fallthrough),This documented external or legacy device path is intentionally outside the current modeled scope; no device-specific register bits or side effects are implemented.,none verified,none
0001 0100 0011 1011,0x143b,UART Rx,RW,intentionally_unsupported,crates/bus/src/next.rs (I/O default decode/fallthrough),This documented external or legacy device path is intentionally outside the current modeled scope; no device-specific register bits or side effects are implemented.,none verified,none
0001 0101 0011 1011,0x153b,UART Select,RW,intentionally_unsupported,crates/bus/src/next.rs (I/O default decode/fallthrough),This documented external or legacy device path is intentionally outside the current modeled scope; no device-specific register bits or side effects are implemented.,none verified,none
0001 0110 0011 1011,0x163b,UART Frame,RW,intentionally_unsupported,crates/bus/src/next.rs (I/O default decode/fallthrough),This documented external or legacy device path is intentionally outside the current modeled scope; no device-specific register bits or side effects are implemented.,none verified,none
0001 1XXX 0011 1011,0x183b,CTC 8 channels 0x183b - 0x1f3b**,RW,partial,crates/bus/src/next_ctc.rs; crates/bus/src/next.rs,Four CTC channels supported; upstream pin describes eight. Decode mask is retained in the table.,ctc_hardware_im2_interrupt_runs_guest_handler_and_reti_releases_service,#551
1011 1111 0011 1011,0xbf3b,ULA+ Register,W,intentionally_unsupported,crates/bus/src/next.rs (I/O default decode/fallthrough),This documented external or legacy device path is intentionally outside the current modeled scope; no device-specific register bits or side effects are implemented.,none verified,none
1111 1111 0011 1011,0xff3b,ULA+ Data,RW,intentionally_unsupported,crates/bus/src/next.rs (I/O default decode/fallthrough),This documented external or legacy device path is intentionally outside the current modeled scope; no device-specific register bits or side effects are implemented.,none verified,none
XXXX XXXX 0000 1011,0x0b,z80DMA,RW,unimplemented,crates/bus/src/next.rs (I/O default decode/fallthrough),No handler for this port/device in the current Next bus.,none verified,none
XXXX XXXX 0110 1011,0x6b,zxnDMA,RW,partial,crates/bus/src/next_dma.rs; crates/bus/src/next.rs,Single-channel zxnDMA path; z80DMA and full hardware protocol are not modeled.,none verified,none
11XX XXXX XXXX X101,0xfffd,AY reg,RW,partial,crates/bus/src/next.rs,AY select/data behavior and three-chip Turbo Sound; analog/board differences are out of scope.,none verified,none
10XX XXXX XXXX X101,0xbffd,AY dat (readable on +3 only),RW,partial,crates/bus/src/next.rs,AY select/data behavior and three-chip Turbo Sound; analog/board differences are out of scope.,none verified,none
10XX XXXX XXXX 0101,0xbff5,AY inf (inside BFFD decoding),R,partial,crates/bus/src/next.rs,AY select/data behavior and three-chip Turbo Sound; analog/board differences are out of scope.,none verified,none
XXXX XXXX 0001 1111,0x1f,DAC A,W,partial,crates/bus/src/next.rs,Recognized DAC aliases hold values and timestamp audio writes; source port direction is write-only.,specdrum_ports_update_all_dac_aliases_and_keep_values_held,none
XXXX XXXX 1111 0001,0xf1,DAC A,W,partial,crates/bus/src/next.rs,Recognized DAC aliases hold values and timestamp audio writes; source port direction is write-only.,specdrum_ports_update_all_dac_aliases_and_keep_values_held,none
XXXX XXXX 0011 1111,0x3f,DAC A,W,partial,crates/bus/src/next.rs,Recognized DAC aliases hold values and timestamp audio writes; source port direction is write-only.,specdrum_ports_update_all_dac_aliases_and_keep_values_held,none
XXXX XXXX 0000 1111,0x0f,DAC B,W,partial,crates/bus/src/next.rs,Recognized DAC aliases hold values and timestamp audio writes; source port direction is write-only.,specdrum_ports_update_all_dac_aliases_and_keep_values_held,none
XXXX XXXX 1111 0011,0xf3,DAC B,W,partial,crates/bus/src/next.rs,Recognized DAC aliases hold values and timestamp audio writes; source port direction is write-only.,specdrum_ports_update_all_dac_aliases_and_keep_values_held,none
XXXX XXXX 1101 1111,0xdf,"DAC A,D",W,partial,crates/bus/src/next.rs,Recognized DAC aliases hold values and timestamp audio writes; source port direction is write-only.,specdrum_ports_update_all_dac_aliases_and_keep_values_held,none
XXXX XXXX 1111 1011,0xfb,"DAC A,D",W,partial,crates/bus/src/next.rs,Recognized DAC aliases hold values and timestamp audio writes; source port direction is write-only.,specdrum_ports_update_all_dac_aliases_and_keep_values_held,none
XXXX XXXX 1011 0011,0xb3,"DAC B,C",W,partial,crates/bus/src/next.rs,Recognized DAC aliases hold values and timestamp audio writes; source port direction is write-only.,specdrum_ports_update_all_dac_aliases_and_keep_values_held,none
XXXX XXXX 0100 1111,0x4f,DAC C,W,partial,crates/bus/src/next.rs,Recognized DAC aliases hold values and timestamp audio writes; source port direction is write-only.,specdrum_ports_update_all_dac_aliases_and_keep_values_held,none
XXXX XXXX 1111 1001,0xf9,DAC C,W,partial,crates/bus/src/next.rs,Recognized DAC aliases hold values and timestamp audio writes; source port direction is write-only.,specdrum_ports_update_all_dac_aliases_and_keep_values_held,none
XXXX XXXX 0101 1111,0x5f,DAC D,W,partial,crates/bus/src/next.rs,Recognized DAC aliases hold values and timestamp audio writes; source port direction is write-only.,specdrum_ports_update_all_dac_aliases_and_keep_values_held,none
XXXX XXXX 1110 0111,0xe7,"SPI CS (sd card, flash, rpi)",W,partial,crates/bus/src/next_sd.rs; crates/bus/src/next.rs,SD SPI is available only when a disk image is attached; hardware flash/RPi devices are absent.,next_sd_spi_matches_ipl_initialization_and_reads_a_block; next_sd_card_responds_to_either_available_sd_select_line,none
XXXX XXXX 1110 1011,0xeb,SPI DATA,RW,partial,crates/bus/src/next_sd.rs; crates/bus/src/next.rs,SD SPI is available only when a disk image is attached; hardware flash/RPi devices are absent.,next_sd_spi_matches_ipl_initialization_and_reads_a_block; next_sd_card_responds_to_either_available_sd_select_line,none
XXXX XXXX 1110 0011,0xe3,divMMC Control,RW,partial,crates/bus/src/next.rs,DivMMC control subset and RAM/ROM automapping; external storage hardware is not reproduced.,divmmc_control_maps_rom_and_selected_ram_bank; divmmc_conmem_readback_is_independent_of_automapping,none
XXXX 1011 1101 1111,0xfbdf,Kempston mouse x,R,intentionally_unsupported,crates/bus/src/next.rs (I/O default decode/fallthrough),This documented external or legacy device path is intentionally outside the current modeled scope; no device-specific register bits or side effects are implemented.,none verified,none
XXXX 1111 1101 1111,0xffdf,Kempston mouse y,R,intentionally_unsupported,crates/bus/src/next.rs (I/O default decode/fallthrough),This documented external or legacy device path is intentionally outside the current modeled scope; no device-specific register bits or side effects are implemented.,none verified,none
XXXX 1010 1101 1111,0xfadf,"Kempston mouse wheel, buttons",R,intentionally_unsupported,crates/bus/src/next.rs (I/O default decode/fallthrough),This documented external or legacy device path is intentionally outside the current modeled scope; no device-specific register bits or side effects are implemented.,none verified,none
XXXX XXXX 0001 1111,0x1f,Kempston joy 1,R,partial,crates/bus/src/next.rs,Kempston joystick read path; mouse aliases/device controls are not implemented.,none verified,none
XXXX XXXX 1101 1111,0xdf,Kempston joy 1 alias,R,partial,crates/bus/src/next.rs,Kempston joystick read path; mouse aliases/device controls are not implemented.,none verified,none
XXXX XXXX 0011 0111,0x37,Kempston joy 2,R,partial,crates/bus/src/next.rs,Kempston joystick read path; mouse aliases/device controls are not implemented.,none verified,none
XXXX XXXX 0001 1111,0x1f,Multiface 1 disable,RW,intentionally_unsupported,crates/bus/src/next.rs (I/O default decode/fallthrough),This documented external or legacy device path is intentionally outside the current modeled scope; no device-specific register bits or side effects are implemented.,none verified,none
XXXX XXXX 1001 1111,0x9f,Multiface 1 enable,RW,intentionally_unsupported,crates/bus/src/next.rs (I/O default decode/fallthrough),This documented external or legacy device path is intentionally outside the current modeled scope; no device-specific register bits or side effects are implemented.,none verified,none
XXXX XXXX 0001 1111,0x1f,Multiface 128 v87.12 disable,RW,intentionally_unsupported,crates/bus/src/next.rs (I/O default decode/fallthrough),This documented external or legacy device path is intentionally outside the current modeled scope; no device-specific register bits or side effects are implemented.,none verified,none
XXXX XXXX 1001 1111,0x9f,Multiface 128 v87.12 enable,RW,intentionally_unsupported,crates/bus/src/next.rs (I/O default decode/fallthrough),This documented external or legacy device path is intentionally outside the current modeled scope; no device-specific register bits or side effects are implemented.,none verified,none
XXXX XXXX 0011 1111,0x3f,Multiface 128 v87.2 disable,RW,intentionally_unsupported,crates/bus/src/next.rs (I/O default decode/fallthrough),This documented external or legacy device path is intentionally outside the current modeled scope; no device-specific register bits or side effects are implemented.,none verified,none
XXXX XXXX 1011 1111,0xbf,Multiface 128 v87.2 enable,RW,intentionally_unsupported,crates/bus/src/next.rs (I/O default decode/fallthrough),This documented external or legacy device path is intentionally outside the current modeled scope; no device-specific register bits or side effects are implemented.,none verified,none
XXXX XXXX 1011 1111,0xbf,Multiface +3 disable,RW,intentionally_unsupported,crates/bus/src/next.rs (I/O default decode/fallthrough),This documented external or legacy device path is intentionally outside the current modeled scope; no device-specific register bits or side effects are implemented.,none verified,none
XXXX XXXX 0011 1111,0x3f,Multiface +3 enable,RW,intentionally_unsupported,crates/bus/src/next.rs (I/O default decode/fallthrough),This documented external or legacy device path is intentionally outside the current modeled scope; no device-specific register bits or side effects are implemented.,none verified,none
0011 0000 0011 1011,0x303b,"Sprite slot, flags",RW,partial,crates/bus/src/next_sprites.rs; crates/bus/src/next.rs,Sprite select/attribute/pattern paths support base attributes and patterns; advanced modes remain incomplete.,sprite_ports_wrap_attribute_slots_and_nextreg_lockstep_is_explicit,none
XXXX XXXX 0101 0111,0x57,Sprite attributes,W,partial,crates/bus/src/next_sprites.rs; crates/bus/src/next.rs,Sprite select/attribute/pattern paths support base attributes and patterns; advanced modes remain incomplete.,sprite_ports_keep_pattern_and_attribute_cursors_independent; sprite_ports_wrap_attribute_slots_and_nextreg_lockstep_is_explicit,none
XXXX XXXX 0101 1011,0x5b,Sprite pattern,W,partial,crates/bus/src/next_sprites.rs; crates/bus/src/next.rs,Sprite select/attribute/pattern paths support base attributes and patterns; advanced modes remain incomplete.,sprite_pattern_write_pointer_wraps_at_16_kibibytes; sprite_ports_keep_pattern_and_attribute_cursors_independent,none
